{"flutter":{"platforms":{"android":{"default":{"projectId":"firestone-ea8f5","appId":"1:487158011158:android:104b800ae7dceb2650ac37","fileOutput":"android/app/google-services.json"}},"dart":{"lib/firebase_options.dart":{"projectId":"firestone-ea8f5","configurations":{"android":"1:487158011158:android:104b800ae7dceb2650ac37","ios":"1:487158011158:ios:c6977ad39283453b50ac37","macos":"1:487158011158:ios:c6977ad39283453b50ac37","web":"1:487158011158:web:caf970d1b2b7d45e50ac37","windows":"1:487158011158:web:5f69ba618dab8b9a50ac37"}}}}}}